Support Query,Top Category,Sub Category,Category Description
Why was I charged a fee for account maintenance?,Savings and Investments,Wire Transfers,the top category is Savings and Investments - the sub category is Wire Transfers
I want to update my email address linked to my account.,Account Management,Account Maintenance,the top category is Account Management - the sub category is Account Maintenance
What are the fees associated with wire transfers?,Account Management,Reporting Fraud,the top category is Account Management - the sub category is Reporting Fraud
Can you explain the ATM withdrawals fee on my account?,Customer Service,Mortgage Services,the top category is Customer Service - the sub category is Mortgage Services
Why was I charged a fee for wire transfers?,Transaction Services,Digital Banking Features,the top category is Transaction Services - the sub category is Digital Banking Features
"I noticed an unexpected wire transfers charge, what is this for?",Customer Service,Digital Banking Features,the top category is Customer Service - the sub category is Digital Banking Features
"I noticed an unexpected transaction charge, what is this for?",Fraud and Security,Rates and Terms,the top category is Fraud and Security - the sub category is Rates and Terms
Can you explain the account maintenance fee on my account?,Fees and Charges,Understanding Fees,the top category is Fees and Charges - the sub category is Understanding Fees
Why was I charged a fee for ATM withdrawals?,Customer Service,Portfolio Management,the top category is Customer Service - the sub category is Portfolio Management
How can I avoid online banking fees in the future?,Fraud and Security,Digital Banking Features,the top category is Fraud and Security - the sub category is Digital Banking Features
The ATM didn't dispense cash but my account was charged.,Transaction Services,Failed Transactions,the top category is Transaction Services - the sub category is Failed Transactions
What are the fees associated with account maintenance?,Loans and Mortgages,Identity Theft,the top category is Loans and Mortgages - the sub category is Identity Theft
How can I avoid wire transfers fees in the future?,Loans and Mortgages,Identity Theft,the top category is Loans and Mortgages - the sub category is Identity Theft
What are the fees associated with online banking?,Card Services,Security and Access,the top category is Card Services - the sub category is Security and Access
How do I update my new phone number in bank records?,Account Management,Account Maintenance,the top category is Account Management - the sub category is Account Maintenance
Can you explain the ATM withdrawals fee on my account?,Online and Mobile Banking,Digital Banking Features,the top category is Online and Mobile Banking - the sub category is Digital Banking Features
Why was I charged a fee for transaction?,Loans and Mortgages,Rates and Terms,the top category is Loans and Mortgages - the sub category is Rates and Terms
"I noticed an unexpected ATM withdrawals charge, what is this for?",Transaction Services,Account Opening,the top category is Transaction Services - the sub category is Account Opening
What are the fees associated with online banking?,Customer Service,Feedback and Suggestions,the top category is Customer Service - the sub category is Feedback and Suggestions
"I noticed an unexpected transaction charge, what is this for?",Fraud and Security,Loan Application,the top category is Fraud and Security - the sub category is Loan Application
How do I set up autopay for my bills?,Payments and Transfers,Bill Payments,the top category is Payments and Transfers - the sub category is Bill Payments
Can I get a refund for the double charge on my account?,Transaction Services,Failed Transactions,the top category is Transaction Services - the sub category is Failed Transactions
Why was I charged a fee for account maintenance?,Customer Service,Card Issuance,the top category is Customer Service - the sub category is Card Issuance
Can you accommodate a request for a language interpreter?,Customer Service,Special Requests,the top category is Customer Service - the sub category is Special Requests
What are the fees associated with ATM withdrawals?,Fees and Charges,Account Opening,the top category is Fees and Charges - the sub category is Account Opening
Are there any fees for using online banking?,Fees and Charges,Understanding Fees,the top category is Fees and Charges - the sub category is Understanding Fees
What are the fees associated with transaction?,Loans and Mortgages,Account Maintenance,the top category is Loans and Mortgages - the sub category is Account Maintenance
"I noticed an unexpected wire transfers charge, what is this for?",Savings and Investments,Loan Application,the top category is Savings and Investments - the sub category is Loan Application
What are the fees associated with transaction?,Online and Mobile Banking,Rates and Terms,the top category is Online and Mobile Banking - the sub category is Rates and Terms
How can I avoid wire transfers fees in the future?,Card Services,Security Measures,the top category is Card Services - the sub category is Security Measures
What types of savings accounts do you offer?,Savings and Investments,Account Types,the top category is Savings and Investments - the sub category is Account Types
How can I avoid ATM withdrawals fees in the future?,Customer Service,Feedback and Suggestions,the top category is Customer Service - the sub category is Feedback and Suggestions
"I noticed an unexpected wire transfers charge, what is this for?",Savings and Investments,Fee Waivers,the top category is Savings and Investments - the sub category is Fee Waivers
"I noticed an unexpected wire transfers charge, what is this for?",Payments and Transfers,Wire Transfers,the top category is Payments and Transfers - the sub category is Wire Transfers
Can you explain the account maintenance fee on my account?,Savings and Investments,Transaction Inquiry,the top category is Savings and Investments - the sub category is Transaction Inquiry
"I noticed an unexpected account maintenance charge, what is this for?",Customer Service,Special Requests,the top category is Customer Service - the sub category is Special Requests
"I noticed an unexpected online banking charge, what is this for?",Fraud and Security,Transaction Inquiry,the top category is Fraud and Security - the sub category is Transaction Inquiry
Can you explain the ATM withdrawals fee on my account?,Card Services,Loan Application,the top category is Card Services - the sub category is Loan Application
"I noticed an unexpected ATM withdrawals charge, what is this for?",Savings and Investments,Technical Support,the top category is Savings and Investments - the sub category is Technical Support
How can I avoid wire transfers fees in the future?,Transaction Services,Loan Application,the top category is Transaction Services - the sub category is Loan Application
Why was I charged a fee for ATM withdrawals?,Fees and Charges,Dispute Charges,the top category is Fees and Charges - the sub category is Dispute Charges
Can you explain the account maintenance fee on my account?,Account Management,Wire Transfers,the top category is Account Management - the sub category is Wire Transfers
What are the fees associated with account maintenance?,Loans and Mortgages,Payment Disputes,the top category is Loans and Mortgages - the sub category is Payment Disputes
Why was I charged a fee for account maintenance?,Account Management,Security and Access,the top category is Account Management - the sub category is Security and Access
How can I avoid ATM withdrawals fees in the future?,Account Management,Fee Waivers,the top category is Account Management - the sub category is Fee Waivers
What are the fees associated with wire transfers?,Savings and Investments,Bill Payments,the top category is Savings and Investments - the sub category is Bill Payments
How can I avoid online banking fees in the future?,Savings and Investments,Reporting Fraud,the top category is Savings and Investments - the sub category is Reporting Fraud
What are the steps to activate my new card?,Card Services,Card Activation/Deactivation,the top category is Card Services - the sub category is Card Activation/Deactivation
"I noticed an unexpected ATM withdrawals charge, what is this for?",Online and Mobile Banking,Technical Support,the top category is Online and Mobile Banking - the sub category is Technical Support
How can I avoid wire transfers fees in the future?,Payments and Transfers,Digital Banking Features,the top category is Payments and Transfers - the sub category is Digital Banking Features
Can you explain the wire transfers fee on my account?,Loans and Mortgages,Account Maintenance,the top category is Loans and Mortgages - the sub category is Account Maintenance
Why was I charged a fee for transaction?,Fraud and Security,Security and Access,the top category is Fraud and Security - the sub category is Security and Access
Can you explain the wire transfers fee on my account?,Online and Mobile Banking,Bill Payments,the top category is Online and Mobile Banking - the sub category is Bill Payments
What documents do I need to provide for a joint account?,Account Management,Account Opening,the top category is Account Management - the sub category is Account Opening
How can I avoid wire transfers fees in the future?,Payments and Transfers,Feedback and Suggestions,the top category is Payments and Transfers - the sub category is Feedback and Suggestions
What are the fees associated with ATM withdrawals?,Customer Service,Complaint Handling,the top category is Customer Service - the sub category is Complaint Handling
I forgot my online banking password. How do I reset it?,Online and Mobile Banking,Security and Access,the top category is Online and Mobile Banking - the sub category is Security and Access
Why was I charged a fee for online banking?,Card Services,Rates and Terms,the top category is Card Services - the sub category is Rates and Terms
Why was I charged a fee for transaction?,Savings and Investments,Reporting Fraud,the top category is Savings and Investments - the sub category is Reporting Fraud
How can I avoid wire transfers fees in the future?,Transaction Services,Fee Waivers,the top category is Transaction Services - the sub category is Fee Waivers
How to block my credit card immediately?,Card Services,Lost/Stolen Cards,the top category is Card Services - the sub category is Lost/Stolen Cards
I can’t log into my mobile banking app.,Online and Mobile Banking,Technical Support,the top category is Online and Mobile Banking - the sub category is Technical Support
How can I avoid ATM withdrawals fees in the future?,Fraud and Security,Rates and Terms,the top category is Fraud and Security - the sub category is Rates and Terms
Can I get assistance in restoring my account after identity theft?,Fraud and Security,Identity Theft,the top category is Fraud and Security - the sub category is Identity Theft
"I noticed an unexpected account maintenance charge, what is this for?",Transaction Services,Wire Transfers,the top category is Transaction Services - the sub category is Wire Transfers
Are there any security advisories for customers?,Fraud and Security,Security Measures,the top category is Fraud and Security - the sub category is Security Measures
How can I avoid account maintenance fees in the future?,Savings and Investments,Dispute Charges,the top category is Savings and Investments - the sub category is Dispute Charges
"I noticed an unexpected online banking charge, what is this for?",Loans and Mortgages,Transaction Disputes,the top category is Loans and Mortgages - the sub category is Transaction Disputes
How do I dispute a transaction fee I believe is incorrect?,Fees and Charges,Dispute Charges,the top category is Fees and Charges - the sub category is Dispute Charges
Why was I charged a fee for online banking?,Transaction Services,Account Opening,the top category is Transaction Services - the sub category is Account Opening
What are the fees associated with wire transfers?,Transaction Services,Bill Payments,the top category is Transaction Services - the sub category is Bill Payments
How long does the loan approval process usually take?,Loans and Mortgages,Loan Application,the top category is Loans and Mortgages - the sub category is Loan Application
"I noticed an unexpected account maintenance charge, what is this for?",Savings and Investments,Security and Access,the top category is Savings and Investments - the sub category is Security and Access
What are the fees associated with account maintenance?,Transaction Services,Special Requests,the top category is Transaction Services - the sub category is Special Requests
How can I avoid ATM withdrawals fees in the future?,Customer Service,Transaction Inquiry,the top category is Customer Service - the sub category is Transaction Inquiry
"I noticed an unexpected account maintenance charge, what is this for?",Transaction Services,Payment Disputes,the top category is Transaction Services - the sub category is Payment Disputes
What are the fees associated with account maintenance?,Card Services,Account Information,the top category is Card Services - the sub category is Account Information
"I noticed an unexpected account maintenance charge, what is this for?",Card Services,Transaction Disputes,the top category is Card Services - the sub category is Transaction Disputes
What are the fees associated with wire transfers?,Loans and Mortgages,Transaction Inquiry,the top category is Loans and Mortgages - the sub category is Transaction Inquiry
"I noticed an unexpected transaction charge, what is this for?",Loans and Mortgages,Bill Payments,the top category is Loans and Mortgages - the sub category is Bill Payments
"I noticed an unexpected ATM withdrawals charge, what is this for?",Account Management,Special Requests,the top category is Account Management - the sub category is Special Requests
What are the fees associated with transaction?,Customer Service,Security Measures,the top category is Customer Service - the sub category is Security Measures
"I noticed an unexpected transaction charge, what is this for?",Online and Mobile Banking,Loan Repayment,the top category is Online and Mobile Banking - the sub category is Loan Repayment
Can you explain the ATM withdrawals fee on my account?,Fees and Charges,Bill Payments,the top category is Fees and Charges - the sub category is Bill Payments
How can I avoid online banking fees in the future?,Savings and Investments,Account Types,the top category is Savings and Investments - the sub category is Account Types
How can I avoid ATM withdrawals fees in the future?,Card Services,Transaction Inquiry,the top category is Card Services - the sub category is Transaction Inquiry
"I noticed an unexpected ATM withdrawals charge, what is this for?",Payments and Transfers,Account Opening,the top category is Payments and Transfers - the sub category is Account Opening
"I noticed an unexpected ATM withdrawals charge, what is this for?",Account Management,Account Types,the top category is Account Management - the sub category is Account Types
"I noticed an unexpected wire transfers charge, what is this for?",Account Management,Feedback and Suggestions,the top category is Account Management - the sub category is Feedback and Suggestions
Why was I charged a fee for transaction?,Savings and Investments,Security Measures,the top category is Savings and Investments - the sub category is Security Measures
"I noticed an unexpected account maintenance charge, what is this for?",Card Services,Payment Disputes,the top category is Card Services - the sub category is Payment Disputes
What are the fees associated with transaction?,Customer Service,Security and Access,the top category is Customer Service - the sub category is Security and Access
Why was I charged a fee for online banking?,Online and Mobile Banking,Failed Transactions,the top category is Online and Mobile Banking - the sub category is Failed Transactions
"I noticed an unexpected wire transfers charge, what is this for?",Payments and Transfers,Transaction Disputes,the top category is Payments and Transfers - the sub category is Transaction Disputes
Why was I charged a fee for wire transfers?,Customer Service,Transaction Disputes,the top category is Customer Service - the sub category is Transaction Disputes
How can I avoid account maintenance fees in the future?,Loans and Mortgages,Payment Disputes,the top category is Loans and Mortgages - the sub category is Payment Disputes
Why was I charged a fee for transaction?,Transaction Services,Special Requests,the top category is Transaction Services - the sub category is Special Requests
How can I avoid online banking fees in the future?,Online and Mobile Banking,Loan Application,the top category is Online and Mobile Banking - the sub category is Loan Application
What are the fees associated with account maintenance?,Payments and Transfers,Account Types,the top category is Payments and Transfers - the sub category is Account Types
How can I avoid account maintenance fees in the future?,Account Management,Security and Access,the top category is Account Management - the sub category is Security and Access
Why was I charged a fee for account maintenance?,Transaction Services,Identity Theft,the top category is Transaction Services - the sub category is Identity Theft
What are the fees associated with account maintenance?,Account Management,Digital Banking Features,the top category is Account Management - the sub category is Digital Banking Features
What are the fees associated with online banking?,Online and Mobile Banking,Payment Disputes,the top category is Online and Mobile Banking - the sub category is Payment Disputes
How can I avoid online banking fees in the future?,Payments and Transfers,Portfolio Management,the top category is Payments and Transfers - the sub category is Portfolio Management
Can you explain the transaction fee on my account?,Transaction Services,Complaint Handling,the top category is Transaction Services - the sub category is Complaint Handling
Can you explain the ATM withdrawals fee on my account?,Fees and Charges,Digital Banking Features,the top category is Fees and Charges - the sub category is Digital Banking Features
"I noticed an unexpected transaction charge, what is this for?",Online and Mobile Banking,Portfolio Management,the top category is Online and Mobile Banking - the sub category is Portfolio Management
How can I suggest improvements for your mobile app?,Customer Service,Feedback and Suggestions,the top category is Customer Service - the sub category is Feedback and Suggestions
Can you explain the account maintenance fee on my account?,Loans and Mortgages,Loan Repayment,the top category is Loans and Mortgages - the sub category is Loan Repayment
How do I open a new savings account?,Account Management,Account Opening,the top category is Account Management - the sub category is Account Opening
How can I avoid online banking fees in the future?,Fees and Charges,Fee Waivers,the top category is Fees and Charges - the sub category is Fee Waivers
How can I avoid online banking fees in the future?,Transaction Services,Loan Repayment,the top category is Transaction Services - the sub category is Loan Repayment
How do I download and install the bank's mobile app?,Online and Mobile Banking,Technical Support,the top category is Online and Mobile Banking - the sub category is Technical Support
"I noticed an unexpected transaction charge, what is this for?",Savings and Investments,Security Measures,the top category is Savings and Investments - the sub category is Security Measures
"I noticed an unexpected transaction charge, what is this for?",Customer Service,Dispute Charges,the top category is Customer Service - the sub category is Dispute Charges
Can I cancel a pending transfer?,Payments and Transfers,Wire Transfers,the top category is Payments and Transfers - the sub category is Wire Transfers
How can I avoid wire transfers fees in the future?,Transaction Services,Digital Banking Features,the top category is Transaction Services - the sub category is Digital Banking Features
Why was I charged a fee for account maintenance?,Loans and Mortgages,Loan Application,the top category is Loans and Mortgages - the sub category is Loan Application
What are the fees associated with online banking?,Savings and Investments,Technical Support,the top category is Savings and Investments - the sub category is Technical Support
Can you explain the wire transfers fee on my account?,Savings and Investments,Transaction Inquiry,the top category is Savings and Investments - the sub category is Transaction Inquiry
Can you explain the online banking fee on my account?,Payments and Transfers,Transaction Disputes,the top category is Payments and Transfers - the sub category is Transaction Disputes
How can I avoid online banking fees in the future?,Account Management,Portfolio Management,the top category is Account Management - the sub category is Portfolio Management
Can you explain the online banking fee on my account?,Online and Mobile Banking,Loan Repayment,the top category is Online and Mobile Banking - the sub category is Loan Repayment
Can you explain the online banking fee on my account?,Card Services,Special Requests,the top category is Card Services - the sub category is Special Requests
How do I report a lost or stolen credit card?,Fraud and Security,Reporting Fraud,the top category is Fraud and Security - the sub category is Reporting Fraud
Why was I charged a fee for account maintenance?,Transaction Services,Security Measures,the top category is Transaction Services - the sub category is Security Measures
Why was I charged a fee for account maintenance?,Account Management,Bill Payments,the top category is Account Management - the sub category is Bill Payments
Can you explain the wire transfers fee on my account?,Customer Service,Wire Transfers,the top category is Customer Service - the sub category is Wire Transfers
How do I initiate an international wire transfer?,Payments and Transfers,Wire Transfers,the top category is Payments and Transfers - the sub category is Wire Transfers
What are the fees associated with ATM withdrawals?,Fraud and Security,Card Activation/Deactivation,the top category is Fraud and Security - the sub category is Card Activation/Deactivation
Can you explain the ATM withdrawals fee on my account?,Payments and Transfers,Mortgage Services,the top category is Payments and Transfers - the sub category is Mortgage Services
"I noticed an unexpected ATM withdrawals charge, what is this for?",Savings and Investments,Complaint Handling,the top category is Savings and Investments - the sub category is Complaint Handling
Can you explain the account maintenance fee on my account?,Payments and Transfers,Wire Transfers,the top category is Payments and Transfers - the sub category is Wire Transfers
What are the current interest rates for home loans?,Loans and Mortgages,Loan Application,the top category is Loans and Mortgages - the sub category is Loan Application
What are the fees associated with ATM withdrawals?,Fees and Charges,Digital Banking Features,the top category is Fees and Charges - the sub category is Digital Banking Features
Can you explain the transaction fee on my account?,Transaction Services,Failed Transactions,the top category is Transaction Services - the sub category is Failed Transactions
"I noticed an unexpected wire transfers charge, what is this for?",Loans and Mortgages,Complaint Handling,the top category is Loans and Mortgages - the sub category is Complaint Handling
How can I avoid transaction fees in the future?,Account Management,Identity Theft,the top category is Account Management - the sub category is Identity Theft
"I noticed an unexpected online banking charge, what is this for?",Online and Mobile Banking,Account Information,the top category is Online and Mobile Banking - the sub category is Account Information
"I noticed an unexpected transaction charge, what is this for?",Online and Mobile Banking,Portfolio Management,the top category is Online and Mobile Banking - the sub category is Portfolio Management
How can I get a history of all my transactions for the past year?,Transaction Services,Transaction Inquiry,the top category is Transaction Services - the sub category is Transaction Inquiry
What are the fees associated with wire transfers?,Fraud and Security,Transaction Disputes,the top category is Fraud and Security - the sub category is Transaction Disputes
"I noticed an unexpected ATM withdrawals charge, what is this for?",Fraud and Security,Card Issuance,the top category is Fraud and Security - the sub category is Card Issuance
How can I avoid online banking fees in the future?,Transaction Services,Failed Transactions,the top category is Transaction Services - the sub category is Failed Transactions
What should I do if I receive a suspicious email claiming to be from the bank?,Fraud and Security,Reporting Fraud,the top category is Fraud and Security - the sub category is Reporting Fraud
What is the process for escalating a service issue?,Customer Service,Complaint Handling,the top category is Customer Service - the sub category is Complaint Handling
What documentation is required for refinancing my mortgage?,Loans and Mortgages,Mortgage Services,the top category is Loans and Mortgages - the sub category is Mortgage Services
"I noticed an unexpected wire transfers charge, what is this for?",Fraud and Security,Account Maintenance,the top category is Fraud and Security - the sub category is Account Maintenance
What are the fees associated with wire transfers?,Savings and Investments,Account Opening,the top category is Savings and Investments - the sub category is Account Opening
Can you explain the transaction fee on my account?,Fees and Charges,Reporting Fraud,the top category is Fees and Charges - the sub category is Reporting Fraud
How can I avoid ATM withdrawals fees in the future?,Online and Mobile Banking,Bill Payments,the top category is Online and Mobile Banking - the sub category is Bill Payments
Can you explain the account maintenance fee on my account?,Savings and Investments,Reporting Fraud,the top category is Savings and Investments - the sub category is Reporting Fraud
How can I avoid account maintenance fees in the future?,Fraud and Security,Account Information,the top category is Fraud and Security - the sub category is Account Information
How can I request a fee reduction for my account?,Fees and Charges,Fee Waivers,the top category is Fees and Charges - the sub category is Fee Waivers
Why was I charged a fee for online banking?,Loans and Mortgages,Feedback and Suggestions,the top category is Loans and Mortgages - the sub category is Feedback and Suggestions
How can I avoid wire transfers fees in the future?,Customer Service,Loan Application,the top category is Customer Service - the sub category is Loan Application
Can you explain the wire transfers fee on my account?,Online and Mobile Banking,Rates and Terms,the top category is Online and Mobile Banking - the sub category is Rates and Terms
Can you explain the transaction fee on my account?,Fees and Charges,Bill Payments,the top category is Fees and Charges - the sub category is Bill Payments
What are the fees associated with ATM withdrawals?,Card Services,Feedback and Suggestions,the top category is Card Services - the sub category is Feedback and Suggestions
Can you explain the account maintenance fee on my account?,Account Management,Dispute Charges,the top category is Account Management - the sub category is Dispute Charges
How can I change my investment plan?,Savings and Investments,Portfolio Management,the top category is Savings and Investments - the sub category is Portfolio Management
How can I avoid wire transfers fees in the future?,Fraud and Security,Account Opening,the top category is Fraud and Security - the sub category is Account Opening
Why was I charged a fee for account maintenance?,Fraud and Security,Identity Theft,the top category is Fraud and Security - the sub category is Identity Theft
Can you explain the transaction fee on my account?,Card Services,Loan Application,the top category is Card Services - the sub category is Loan Application
Why was I charged a fee for wire transfers?,Savings and Investments,Digital Banking Features,the top category is Savings and Investments - the sub category is Digital Banking Features
How can I avoid wire transfers fees in the future?,Fraud and Security,Card Activation/Deactivation,the top category is Fraud and Security - the sub category is Card Activation/Deactivation
Can you explain the wire transfers fee on my account?,Online and Mobile Banking,Account Information,the top category is Online and Mobile Banking - the sub category is Account Information
Why was I charged a fee for wire transfers?,Fees and Charges,Dispute Charges,the top category is Fees and Charges - the sub category is Dispute Charges
What are the fees associated with account maintenance?,Fees and Charges,Reporting Fraud,the top category is Fees and Charges - the sub category is Reporting Fraud
"I noticed an unexpected transaction charge, what is this for?",Online and Mobile Banking,Reporting Fraud,the top category is Online and Mobile Banking - the sub category is Reporting Fraud
Can you explain the online banking fee on my account?,Customer Service,Lost/Stolen Cards,the top category is Customer Service - the sub category is Lost/Stolen Cards
"I noticed an unexpected account maintenance charge, what is this for?",Payments and Transfers,Reporting Fraud,the top category is Payments and Transfers - the sub category is Reporting Fraud
Can you explain the account maintenance fee on my account?,Fees and Charges,Lost/Stolen Cards,the top category is Fees and Charges - the sub category is Lost/Stolen Cards
How can I set up fraud alerts on my account?,Fraud and Security,Security Measures,the top category is Fraud and Security - the sub category is Security Measures
What are the fees associated with online banking?,Payments and Transfers,Loan Application,the top category is Payments and Transfers - the sub category is Loan Application
"I noticed an unexpected account maintenance charge, what is this for?",Fraud and Security,Account Maintenance,the top category is Fraud and Security - the sub category is Account Maintenance
Why was I charged a fee for online banking?,Fees and Charges,Account Opening,the top category is Fees and Charges - the sub category is Account Opening
What are the fees associated with ATM withdrawals?,Payments and Transfers,Rates and Terms,the top category is Payments and Transfers - the sub category is Rates and Terms
Why was I charged a fee for account maintenance?,Customer Service,Understanding Fees,the top category is Customer Service - the sub category is Understanding Fees
What are the fees associated with account maintenance?,Online and Mobile Banking,Security and Access,the top category is Online and Mobile Banking - the sub category is Security and Access
Why was I charged a fee for online banking?,Transaction Services,Rates and Terms,the top category is Transaction Services - the sub category is Rates and Terms
"I noticed an unexpected online banking charge, what is this for?",Savings and Investments,Special Requests,the top category is Savings and Investments - the sub category is Special Requests
Why was I charged a fee for account maintenance?,Fraud and Security,Identity Theft,the top category is Fraud and Security - the sub category is Identity Theft
What steps should I take if I'm a victim of identity theft?,Fraud and Security,Identity Theft,the top category is Fraud and Security - the sub category is Identity Theft
"There is a mistake in my bill payment, how do I correct it?",Payments and Transfers,Bill Payments,the top category is Payments and Transfers - the sub category is Bill Payments
How do I renew my expired debit card?,Card Services,Card Issuance,the top category is Card Services - the sub category is Card Issuance
Can you explain the ATM withdrawals fee on my account?,Account Management,Security and Access,the top category is Account Management - the sub category is Security and Access
"I noticed an unexpected transaction charge, what is this for?",Loans and Mortgages,Card Issuance,the top category is Loans and Mortgages - the sub category is Card Issuance
What are the eligibility criteria for a commercial property loan?,Loans and Mortgages,Loan Application,the top category is Loans and Mortgages - the sub category is Loan Application
"I noticed an unexpected transaction charge, what is this for?",Account Management,Feedback and Suggestions,the top category is Account Management - the sub category is Feedback and Suggestions
Why was I charged a fee for wire transfers?,Account Management,Rates and Terms,the top category is Account Management - the sub category is Rates and Terms
"I noticed an unexpected transaction charge, what is this for?",Account Management,Account Maintenance,the top category is Account Management - the sub category is Account Maintenance
Can I view my e-statements on the mobile app?,Online and Mobile Banking,Digital Banking Features,the top category is Online and Mobile Banking - the sub category is Digital Banking Features
How can I avoid transaction fees in the future?,Payments and Transfers,Lost/Stolen Cards,the top category is Payments and Transfers - the sub category is Lost/Stolen Cards
Why was I charged a fee for transaction?,Account Management,Lost/Stolen Cards,the top category is Account Management - the sub category is Lost/Stolen Cards
Why was I charged a fee for online banking?,Online and Mobile Banking,Fee Waivers,the top category is Online and Mobile Banking - the sub category is Fee Waivers
What are the fees associated with wire transfers?,Fees and Charges,Account Information,the top category is Fees and Charges - the sub category is Account Information
How can I avoid account maintenance fees in the future?,Payments and Transfers,Loan Repayment,the top category is Payments and Transfers - the sub category is Loan Repayment
I want to know the status of my recent wire transfer.,Transaction Services,Transaction Inquiry,the top category is Transaction Services - the sub category is Transaction Inquiry
"I noticed an unexpected online banking charge, what is this for?",Loans and Mortgages,Special Requests,the top category is Loans and Mortgages - the sub category is Special Requests
Are there any prepayment penalties on your home loans?,Loans and Mortgages,Loan Repayment,the top category is Loans and Mortgages - the sub category is Loan Repayment
Can you explain the transaction fee on my account?,Customer Service,Fee Waivers,the top category is Customer Service - the sub category is Fee Waivers
What types of accounts can I open as a student?,Account Management,Account Opening,the top category is Account Management - the sub category is Account Opening
"I noticed an unexpected wire transfers charge, what is this for?",Loans and Mortgages,Wire Transfers,the top category is Loans and Mortgages - the sub category is Wire Transfers
Can you explain the online banking fee on my account?,Online and Mobile Banking,Complaint Handling,the top category is Online and Mobile Banking - the sub category is Complaint Handling
What is the penalty for early withdrawal from a fixed deposit?,Savings and Investments,Rates and Terms,the top category is Savings and Investments - the sub category is Rates and Terms
How do I set up two-factor authentication for my account?,Online and Mobile Banking,Security and Access,the top category is Online and Mobile Banking - the sub category is Security and Access
I want to apply for a new credit card.,Card Services,Card Issuance,the top category is Card Services - the sub category is Card Issuance
Why was I charged a fee for ATM withdrawals?,Customer Service,Technical Support,the top category is Customer Service - the sub category is Technical Support
Why was I charged a fee for transaction?,Loans and Mortgages,Security Measures,the top category is Loans and Mortgages - the sub category is Security Measures
Why was I charged a fee for wire transfers?,Savings and Investments,Technical Support,the top category is Savings and Investments - the sub category is Technical Support
Can you explain the wire transfers fee on my account?,Transaction Services,Card Issuance,the top category is Transaction Services - the sub category is Card Issuance
What are the fees associated with transaction?,Card Services,Bill Payments,the top category is Card Services - the sub category is Bill Payments
Can you explain the online banking fee on my account?,Savings and Investments,Loan Repayment,the top category is Savings and Investments - the sub category is Loan Repayment
How can I avoid account maintenance fees in the future?,Account Management,Rates and Terms,the top category is Account Management - the sub category is Rates and Terms
Can I deactivate my credit card temporarily?,Card Services,Card Activation/Deactivation,the top category is Card Services - the sub category is Card Activation/Deactivation
"I noticed an unexpected account maintenance charge, what is this for?",Customer Service,Card Activation/Deactivation,the top category is Customer Service - the sub category is Card Activation/Deactivation
Why was I charged a fee for ATM withdrawals?,Payments and Transfers,Technical Support,the top category is Payments and Transfers - the sub category is Technical Support
How to get a mini statement for my checking account?,Account Management,Account Information,the top category is Account Management - the sub category is Account Information
Can you explain the online banking fee on my account?,Account Management,Feedback and Suggestions,the top category is Account Management - the sub category is Feedback and Suggestions
What are the fees associated with wire transfers?,Loans and Mortgages,Special Requests,the top category is Loans and Mortgages - the sub category is Special Requests
I received my new card but it’s not working.,Card Services,Card Issuance,the top category is Card Services - the sub category is Card Issuance
"My wire transfer hasn't arrived, what should I do?",Payments and Transfers,Wire Transfers,the top category is Payments and Transfers - the sub category is Wire Transfers
"I noticed an unexpected wire transfers charge, what is this for?",Loans and Mortgages,Mortgage Services,the top category is Loans and Mortgages - the sub category is Mortgage Services
Why was I charged a fee for online banking?,Card Services,Understanding Fees,the top category is Card Services - the sub category is Understanding Fees
Why was I charged a fee for transaction?,Payments and Transfers,Payment Disputes,the top category is Payments and Transfers - the sub category is Payment Disputes
Can you explain the account maintenance fee on my account?,Fraud and Security,Lost/Stolen Cards,the top category is Fraud and Security - the sub category is Lost/Stolen Cards
How can I avoid transaction fees in the future?,Customer Service,Rates and Terms,the top category is Customer Service - the sub category is Rates and Terms
How can I avoid ATM withdrawals fees in the future?,Payments and Transfers,Transaction Disputes,the top category is Payments and Transfers - the sub category is Transaction Disputes
Why was I charged a fee for ATM withdrawals?,Savings and Investments,Account Maintenance,the top category is Savings and Investments - the sub category is Account Maintenance
I noticed an unauthorized transaction on my account.,Transaction Services,Transaction Disputes,the top category is Transaction Services - the sub category is Transaction Disputes
How can I avoid ATM withdrawals fees in the future?,Card Services,Understanding Fees,the top category is Card Services - the sub category is Understanding Fees
How can I avoid ATM withdrawals fees in the future?,Card Services,Reporting Fraud,the top category is Card Services - the sub category is Reporting Fraud
Why was I charged a fee for ATM withdrawals?,Card Services,Understanding Fees,the top category is Card Services - the sub category is Understanding Fees
How can I avoid wire transfers fees in the future?,Transaction Services,Identity Theft,the top category is Transaction Services - the sub category is Identity Theft
How can I avoid transaction fees in the future?,Account Management,Digital Banking Features,the top category is Account Management - the sub category is Digital Banking Features
Can you explain the online banking fee on my account?,Customer Service,Security Measures,the top category is Customer Service - the sub category is Security Measures
Is it possible to request an exception to a banking fee?,Customer Service,Special Requests,the top category is Customer Service - the sub category is Special Requests
Why was I charged a fee for transaction?,Fraud and Security,Identity Theft,the top category is Fraud and Security - the sub category is Identity Theft
"I noticed an unexpected wire transfers charge, what is this for?",Customer Service,Special Requests,the top category is Customer Service - the sub category is Special Requests
How can I avoid transaction fees in the future?,Online and Mobile Banking,Loan Application,the top category is Online and Mobile Banking - the sub category is Loan Application
What are the fees associated with online banking?,Fees and Charges,Technical Support,the top category is Fees and Charges - the sub category is Technical Support
"I'm having trouble with e-bill setup, can you assist?",Payments and Transfers,Bill Payments,the top category is Payments and Transfers - the sub category is Bill Payments
How can I avoid wire transfers fees in the future?,Payments and Transfers,Understanding Fees,the top category is Payments and Transfers - the sub category is Understanding Fees
Why was I charged a fee for online banking?,Savings and Investments,Account Maintenance,the top category is Savings and Investments - the sub category is Account Maintenance
Can you provide information on different investment options?,Savings and Investments,Portfolio Management,the top category is Savings and Investments - the sub category is Portfolio Management
"I noticed an unexpected ATM withdrawals charge, what is this for?",Card Services,Account Maintenance,the top category is Card Services - the sub category is Account Maintenance
"I noticed an unexpected wire transfers charge, what is this for?",Card Services,Mortgage Services,the top category is Card Services - the sub category is Mortgage Services
Why was I charged a fee for ATM withdrawals?,Fraud and Security,Account Opening,the top category is Fraud and Security - the sub category is Account Opening
Can you explain the online banking fee on my account?,Fees and Charges,Portfolio Management,the top category is Fees and Charges - the sub category is Portfolio Management
What are the fees associated with wire transfers?,Account Management,Card Activation/Deactivation,the top category is Account Management - the sub category is Card Activation/Deactivation
What are the benefits of a high-yield savings account?,Savings and Investments,Account Types,the top category is Savings and Investments - the sub category is Account Types
"I noticed an unexpected ATM withdrawals charge, what is this for?",Payments and Transfers,Security Measures,the top category is Payments and Transfers - the sub category is Security Measures
Can you explain the online banking fee on my account?,Savings and Investments,Feedback and Suggestions,the top category is Savings and Investments - the sub category is Feedback and Suggestions
How can I avoid ATM withdrawals fees in the future?,Fees and Charges,Transaction Disputes,the top category is Fees and Charges - the sub category is Transaction Disputes
"I noticed an unexpected transaction charge, what is this for?",Fraud and Security,Lost/Stolen Cards,the top category is Fraud and Security - the sub category is Lost/Stolen Cards
Can you explain the transaction fee on my account?,Savings and Investments,Complaint Handling,the top category is Savings and Investments - the sub category is Complaint Handling
Why was I charged a fee for online banking?,Card Services,Loan Repayment,the top category is Card Services - the sub category is Loan Repayment
"I noticed an unexpected ATM withdrawals charge, what is this for?",Card Services,Wire Transfers,the top category is Card Services - the sub category is Wire Transfers
What are the fees associated with transaction?,Customer Service,Card Issuance,the top category is Customer Service - the sub category is Card Issuance
Why was I charged a fee for ATM withdrawals?,Card Services,Understanding Fees,the top category is Card Services - the sub category is Understanding Fees
Why was I charged a fee for ATM withdrawals?,Fraud and Security,Transaction Disputes,the top category is Fraud and Security - the sub category is Transaction Disputes
How can I calculate my monthly mortgage payments?,Loans and Mortgages,Mortgage Services,the top category is Loans and Mortgages - the sub category is Mortgage Services
"I noticed an unexpected account maintenance charge, what is this for?",Savings and Investments,Dispute Charges,the top category is Savings and Investments - the sub category is Dispute Charges
Can you explain the online banking fee on my account?,Transaction Services,Bill Payments,the top category is Transaction Services - the sub category is Bill Payments
Can you explain the ATM withdrawals fee on my account?,Online and Mobile Banking,Mortgage Services,the top category is Online and Mobile Banking - the sub category is Mortgage Services
Why was I charged a fee for transaction?,Online and Mobile Banking,Card Activation/Deactivation,the top category is Online and Mobile Banking - the sub category is Card Activation/Deactivation
What are the fees associated with transaction?,Fees and Charges,Fee Waivers,the top category is Fees and Charges - the sub category is Fee Waivers
How can I avoid transaction fees in the future?,Fraud and Security,Payment Disputes,the top category is Fraud and Security - the sub category is Payment Disputes
How can I avoid account maintenance fees in the future?,Loans and Mortgages,Lost/Stolen Cards,the top category is Loans and Mortgages - the sub category is Lost/Stolen Cards
Why was I charged a fee for wire transfers?,Loans and Mortgages,Portfolio Management,the top category is Loans and Mortgages - the sub category is Portfolio Management
"I noticed an unexpected online banking charge, what is this for?",Card Services,Mortgage Services,the top category is Card Services - the sub category is Mortgage Services
Why was I charged a fee for wire transfers?,Loans and Mortgages,Wire Transfers,the top category is Loans and Mortgages - the sub category is Wire Transfers
What are the fees associated with transaction?,Payments and Transfers,Special Requests,the top category is Payments and Transfers - the sub category is Special Requests
How can I avoid account maintenance fees in the future?,Online and Mobile Banking,Transaction Inquiry,the top category is Online and Mobile Banking - the sub category is Transaction Inquiry
"I noticed an unexpected wire transfers charge, what is this for?",Online and Mobile Banking,Feedback and Suggestions,the top category is Online and Mobile Banking - the sub category is Feedback and Suggestions
What are the fees associated with ATM withdrawals?,Savings and Investments,Account Opening,the top category is Savings and Investments - the sub category is Account Opening
"I noticed an unexpected transaction charge, what is this for?",Transaction Services,Portfolio Management,the top category is Transaction Services - the sub category is Portfolio Management
How can I avoid wire transfers fees in the future?,Transaction Services,Feedback and Suggestions,the top category is Transaction Services - the sub category is Feedback and Suggestions
"I noticed an unexpected account maintenance charge, what is this for?",Transaction Services,Account Maintenance,the top category is Transaction Services - the sub category is Account Maintenance
How can I avoid wire transfers fees in the future?,Fraud and Security,Bill Payments,the top category is Fraud and Security - the sub category is Bill Payments
What are the fees associated with ATM withdrawals?,Fees and Charges,Card Issuance,the top category is Fees and Charges - the sub category is Card Issuance
"I noticed an unexpected account maintenance charge, what is this for?",Account Management,Account Information,the top category is Account Management - the sub category is Account Information
"I noticed an unexpected transaction charge, what is this for?",Fraud and Security,Fee Waivers,the top category is Fraud and Security - the sub category is Fee Waivers
Why was I charged a fee for ATM withdrawals?,Online and Mobile Banking,Account Opening,the top category is Online and Mobile Banking - the sub category is Account Opening
Why was I charged a fee for ATM withdrawals?,Fraud and Security,Fee Waivers,the top category is Fraud and Security - the sub category is Fee Waivers
"I lost my card, how do I report it and get a new one?",Card Services,Lost/Stolen Cards,the top category is Card Services - the sub category is Lost/Stolen Cards
How can I avoid transaction fees in the future?,Loans and Mortgages,Special Requests,the top category is Loans and Mortgages - the sub category is Special Requests
How can I avoid online banking fees in the future?,Online and Mobile Banking,Account Information,the top category is Online and Mobile Banking - the sub category is Account Information
How can I avoid online banking fees in the future?,Loans and Mortgages,Mortgage Services,the top category is Loans and Mortgages - the sub category is Mortgage Services
Is there a minimum balance requirement for a savings account?,Savings and Investments,Account Types,the top category is Savings and Investments - the sub category is Account Types
How can I avoid account maintenance fees in the future?,Fees and Charges,Mortgage Services,the top category is Fees and Charges - the sub category is Mortgage Services
I suspect someone else has accessed my online banking. What should I do?,Online and Mobile Banking,Security and Access,the top category is Online and Mobile Banking - the sub category is Security and Access
Why was I charged a fee for account maintenance?,Online and Mobile Banking,Lost/Stolen Cards,the top category is Online and Mobile Banking - the sub category is Lost/Stolen Cards
How can I avoid wire transfers fees in the future?,Payments and Transfers,Security Measures,the top category is Payments and Transfers - the sub category is Security Measures
What to do if a payment I made hasn't been processed yet?,Payments and Transfers,Payment Disputes,the top category is Payments and Transfers - the sub category is Payment Disputes
What are the fees associated with ATM withdrawals?,Fraud and Security,Technical Support,the top category is Fraud and Security - the sub category is Technical Support
Can you explain the account maintenance fee on my account?,Loans and Mortgages,Complaint Handling,the top category is Loans and Mortgages - the sub category is Complaint Handling
Can you explain the transaction fee on my account?,Payments and Transfers,Dispute Charges,the top category is Payments and Transfers - the sub category is Dispute Charges
Can you explain the transaction fee on my account?,Savings and Investments,Rates and Terms,the top category is Savings and Investments - the sub category is Rates and Terms
What are the fees associated with ATM withdrawals?,Savings and Investments,Special Requests,the top category is Savings and Investments - the sub category is Special Requests
Why was I charged a fee for ATM withdrawals?,Online and Mobile Banking,Lost/Stolen Cards,the top category is Online and Mobile Banking - the sub category is Lost/Stolen Cards
How can I avoid ATM withdrawals fees in the future?,Savings and Investments,Dispute Charges,the top category is Savings and Investments - the sub category is Dispute Charges
Why was I charged a fee for online banking?,Fraud and Security,Dispute Charges,the top category is Fraud and Security - the sub category is Dispute Charges
Why was I charged a fee for transaction?,Loans and Mortgages,Understanding Fees,the top category is Loans and Mortgages - the sub category is Understanding Fees
What are the fees associated with online banking?,Payments and Transfers,Security Measures,the top category is Payments and Transfers - the sub category is Security Measures
"I noticed an unexpected account maintenance charge, what is this for?",Fees and Charges,Feedback and Suggestions,the top category is Fees and Charges - the sub category is Feedback and Suggestions
Why was I charged a fee for ATM withdrawals?,Transaction Services,Transaction Inquiry,the top category is Transaction Services - the sub category is Transaction Inquiry
How do I dispute a late payment fee on my account?,Payments and Transfers,Payment Disputes,the top category is Payments and Transfers - the sub category is Payment Disputes
"I noticed an unexpected account maintenance charge, what is this for?",Loans and Mortgages,Bill Payments,the top category is Loans and Mortgages - the sub category is Bill Payments
Can you explain the online banking fee on my account?,Card Services,Card Activation/Deactivation,the top category is Card Services - the sub category is Card Activation/Deactivation
How do I open a fixed deposit account?,Savings and Investments,Account Types,the top category is Savings and Investments - the sub category is Account Types
Can I switch from a variable rate to a fixed rate on my existing mortgage?,Loans and Mortgages,Mortgage Services,the top category is Loans and Mortgages - the sub category is Mortgage Services
What's the procedure to resolve a dispute with a transaction?,Customer Service,Complaint Handling,the top category is Customer Service - the sub category is Complaint Handling
I think my card was stolen. What should I do?,Card Services,Lost/Stolen Cards,the top category is Card Services - the sub category is Lost/Stolen Cards
What are the fees associated with transaction?,Online and Mobile Banking,Mortgage Services,the top category is Online and Mobile Banking - the sub category is Mortgage Services
Can I get a waiver for the late payment fee?,Fees and Charges,Fee Waivers,the top category is Fees and Charges - the sub category is Fee Waivers
Why was I charged a fee for wire transfers?,Online and Mobile Banking,Payment Disputes,the top category is Online and Mobile Banking - the sub category is Payment Disputes
What are the fees associated with account maintenance?,Card Services,Security Measures,the top category is Card Services - the sub category is Security Measures
What are the fees associated with transaction?,Payments and Transfers,Reporting Fraud,the top category is Payments and Transfers - the sub category is Reporting Fraud
There's a charge on my statement I don’t recognize.,Transaction Services,Transaction Disputes,the top category is Transaction Services - the sub category is Transaction Disputes
What are the fees associated with account maintenance?,Card Services,Portfolio Management,the top category is Card Services - the sub category is Portfolio Management
"I noticed an unexpected transaction charge, what is this for?",Card Services,Account Opening,the top category is Card Services - the sub category is Account Opening
Why was I charged a fee for account maintenance?,Account Management,Feedback and Suggestions,the top category is Account Management - the sub category is Feedback and Suggestions
"I noticed an unexpected wire transfers charge, what is this for?",Transaction Services,Portfolio Management,the top category is Transaction Services - the sub category is Portfolio Management
What are the fees associated with ATM withdrawals?,Online and Mobile Banking,Portfolio Management,the top category is Online and Mobile Banking - the sub category is Portfolio Management
"I noticed an unexpected account maintenance charge, what is this for?",Fraud and Security,Account Opening,the top category is Fraud and Security - the sub category is Account Opening
What are the fees associated with ATM withdrawals?,Payments and Transfers,Reporting Fraud,the top category is Payments and Transfers - the sub category is Reporting Fraud
I want to add a nominee to my account. What's the process?,Account Management,Account Maintenance,the top category is Account Management - the sub category is Account Maintenance
Where can I provide feedback about your services?,Customer Service,Feedback and Suggestions,the top category is Customer Service - the sub category is Feedback and Suggestions
Is there an option for loan payment deferment in case of financial hardship?,Loans and Mortgages,Loan Repayment,the top category is Loans and Mortgages - the sub category is Loan Repayment
Can you explain the transaction fee on my account?,Transaction Services,Account Information,the top category is Transaction Services - the sub category is Account Information
What are the fees associated with online banking?,Loans and Mortgages,Identity Theft,the top category is Loans and Mortgages - the sub category is Identity Theft
I need help with a transaction that didn’t go through.,Transaction Services,Failed Transactions,the top category is Transaction Services - the sub category is Failed Transactions
Why was I charged a fee for online banking?,Savings and Investments,Loan Repayment,the top category is Savings and Investments - the sub category is Loan Repayment
Why was I charged a fee for online banking?,Online and Mobile Banking,Loan Application,the top category is Online and Mobile Banking - the sub category is Loan Application
Can you explain the online banking fee on my account?,Customer Service,Card Issuance,the top category is Customer Service - the sub category is Card Issuance
What are the fees associated with online banking?,Card Services,Card Activation/Deactivation,the top category is Card Services - the sub category is Card Activation/Deactivation
I need a copy of my account statement for the last six months.,Account Management,Account Information,the top category is Account Management - the sub category is Account Information
How to use the mobile check deposit feature?,Online and Mobile Banking,Digital Banking Features,the top category is Online and Mobile Banking - the sub category is Digital Banking Features
"I noticed an unexpected wire transfers charge, what is this for?",Savings and Investments,Loan Repayment,the top category is Savings and Investments - the sub category is Loan Repayment
What are the overdraft fees for my checking account?,Fees and Charges,Understanding Fees,the top category is Fees and Charges - the sub category is Understanding Fees
Can you explain the online banking fee on my account?,Savings and Investments,Dispute Charges,the top category is Savings and Investments - the sub category is Dispute Charges
I need assistance with a special request for my account.,Customer Service,Special Requests,the top category is Customer Service - the sub category is Special Requests
"I noticed an unexpected online banking charge, what is this for?",Savings and Investments,Complaint Handling,the top category is Savings and Investments - the sub category is Complaint Handling
Why was I charged a fee for account maintenance?,Savings and Investments,Transaction Inquiry,the top category is Savings and Investments - the sub category is Transaction Inquiry
"I noticed an unexpected transaction charge, what is this for?",Payments and Transfers,Bill Payments,the top category is Payments and Transfers - the sub category is Bill Payments
How can I avoid account maintenance fees in the future?,Transaction Services,Transaction Disputes,the top category is Transaction Services - the sub category is Transaction Disputes
"I noticed an unexpected online banking charge, what is this for?",Payments and Transfers,Security Measures,the top category is Payments and Transfers - the sub category is Security Measures
"I noticed an unexpected wire transfers charge, what is this for?",Fraud and Security,Transaction Disputes,the top category is Fraud and Security - the sub category is Transaction Disputes
"I noticed an unexpected ATM withdrawals charge, what is this for?",Fees and Charges,Account Information,the top category is Fees and Charges - the sub category is Account Information
"I noticed an unexpected account maintenance charge, what is this for?",Payments and Transfers,Account Types,the top category is Payments and Transfers - the sub category is Account Types
Can I apply for a mortgage loan online?,Loans and Mortgages,Loan Application,the top category is Loans and Mortgages - the sub category is Loan Application
"I noticed an unexpected wire transfers charge, what is this for?",Savings and Investments,Account Opening,the top category is Savings and Investments - the sub category is Account Opening
Can you explain the wire transfers fee on my account?,Savings and Investments,Account Information,the top category is Savings and Investments - the sub category is Account Information
Can you explain the online banking fee on my account?,Payments and Transfers,Dispute Charges,the top category is Payments and Transfers - the sub category is Dispute Charges
"I noticed an unexpected ATM withdrawals charge, what is this for?",Payments and Transfers,Transaction Disputes,the top category is Payments and Transfers - the sub category is Transaction Disputes
Why was I charged a fee for transaction?,Transaction Services,Wire Transfers,the top category is Transaction Services - the sub category is Wire Transfers
How can I avoid account maintenance fees in the future?,Card Services,Security and Access,the top category is Card Services - the sub category is Security and Access
"I noticed an unexpected online banking charge, what is this for?",Customer Service,Transaction Disputes,the top category is Customer Service - the sub category is Transaction Disputes
What are the fees associated with account maintenance?,Customer Service,Card Issuance,the top category is Customer Service - the sub category is Card Issuance
How do I get help with accessibility in your branches?,Customer Service,Special Requests,the top category is Customer Service - the sub category is Special Requests
"I noticed an unexpected online banking charge, what is this for?",Online and Mobile Banking,Feedback and Suggestions,the top category is Online and Mobile Banking - the sub category is Feedback and Suggestions
Why was I charged a fee for account maintenance?,Account Management,Account Types,the top category is Account Management - the sub category is Account Types
How long does it take to get a replacement for a damaged card?,Card Services,Lost/Stolen Cards,the top category is Card Services - the sub category is Lost/Stolen Cards
"I noticed an unexpected transaction charge, what is this for?",Card Services,Special Requests,the top category is Card Services - the sub category is Special Requests
What are the fees associated with ATM withdrawals?,Account Management,Technical Support,the top category is Account Management - the sub category is Technical Support
Can you explain the account maintenance fee on my account?,Fees and Charges,Identity Theft,the top category is Fees and Charges - the sub category is Identity Theft
"I noticed an unexpected wire transfers charge, what is this for?",Account Management,Security and Access,the top category is Account Management - the sub category is Security and Access
How can I change the PIN of my card?,Card Services,Card Activation/Deactivation,the top category is Card Services - the sub category is Card Activation/Deactivation
How do I file a complaint about a recent issue?,Customer Service,Complaint Handling,the top category is Customer Service - the sub category is Complaint Handling
Why was I charged a fee for account maintenance?,Account Management,Digital Banking Features,the top category is Account Management - the sub category is Digital Banking Features
"I suspect a fraudulent transaction on my account, what should I do?",Fraud and Security,Reporting Fraud,the top category is Fraud and Security - the sub category is Reporting Fraud
How do I report a fraudulent transaction?,Transaction Services,Transaction Disputes,the top category is Transaction Services - the sub category is Transaction Disputes
What are the fees associated with ATM withdrawals?,Customer Service,Dispute Charges,the top category is Customer Service - the sub category is Dispute Charges
How can I avoid account maintenance fees in the future?,Loans and Mortgages,Failed Transactions,the top category is Loans and Mortgages - the sub category is Failed Transactions
Why was I charged a fee for wire transfers?,Customer Service,Failed Transactions,the top category is Customer Service - the sub category is Failed Transactions
How can I avoid transaction fees in the future?,Online and Mobile Banking,Mortgage Services,the top category is Online and Mobile Banking - the sub category is Mortgage Services
Can you explain the online banking fee on my account?,Online and Mobile Banking,Failed Transactions,the top category is Online and Mobile Banking - the sub category is Failed Transactions
What are the fees associated with wire transfers?,Loans and Mortgages,Account Types,the top category is Loans and Mortgages - the sub category is Account Types
Can you explain the online banking fee on my account?,Transaction Services,Technical Support,the top category is Transaction Services - the sub category is Technical Support
How can I avoid ATM withdrawals fees in the future?,Card Services,Loan Repayment,the top category is Card Services - the sub category is Loan Repayment
"I noticed an unexpected online banking charge, what is this for?",Payments and Transfers,Security Measures,the top category is Payments and Transfers - the sub category is Security Measures
How can I avoid transaction fees in the future?,Customer Service,Account Opening,the top category is Customer Service - the sub category is Account Opening
Why was I charged a fee for account maintenance?,Online and Mobile Banking,Card Issuance,the top category is Online and Mobile Banking - the sub category is Card Issuance
"I noticed an unexpected online banking charge, what is this for?",Fees and Charges,Rates and Terms,the top category is Fees and Charges - the sub category is Rates and Terms
What are the fees associated with ATM withdrawals?,Payments and Transfers,Failed Transactions,the top category is Payments and Transfers - the sub category is Failed Transactions
What are the fees associated with transaction?,Online and Mobile Banking,Rates and Terms,the top category is Online and Mobile Banking - the sub category is Rates and Terms
"I noticed an unexpected transaction charge, what is this for?",Account Management,Account Types,the top category is Account Management - the sub category is Account Types
How can I avoid account maintenance fees in the future?,Payments and Transfers,Transaction Inquiry,the top category is Payments and Transfers - the sub category is Transaction Inquiry
Why was I charged a fee for ATM withdrawals?,Loans and Mortgages,Wire Transfers,the top category is Loans and Mortgages - the sub category is Wire Transfers
"I noticed an unexpected transaction charge, what is this for?",Fees and Charges,Card Activation/Deactivation,the top category is Fees and Charges - the sub category is Card Activation/Deactivation
"I noticed an unexpected transaction charge, what is this for?",Fees and Charges,Card Activation/Deactivation,the top category is Fees and Charges - the sub category is Card Activation/Deactivation
How can I avoid online banking fees in the future?,Card Services,Transaction Disputes,the top category is Card Services - the sub category is Transaction Disputes
I'm getting an error message when trying to transfer money through the app.,Online and Mobile Banking,Technical Support,the top category is Online and Mobile Banking - the sub category is Technical Support
Why was I charged a fee for wire transfers?,Card Services,Card Activation/Deactivation,the top category is Card Services - the sub category is Card Activation/Deactivation
"I noticed an unexpected wire transfers charge, what is this for?",Fraud and Security,Feedback and Suggestions,the top category is Fraud and Security - the sub category is Feedback and Suggestions
What are the bank's security measures against fraud?,Fraud and Security,Security Measures,the top category is Fraud and Security - the sub category is Security Measures
How are foreign transaction fees calculated?,Fees and Charges,Understanding Fees,the top category is Fees and Charges - the sub category is Understanding Fees
Why was I charged a fee for transaction?,Fees and Charges,Wire Transfers,the top category is Fees and Charges - the sub category is Wire Transfers
How can I close my current account?,Account Management,Account Maintenance,the top category is Account Management - the sub category is Account Maintenance
"I noticed an unexpected wire transfers charge, what is this for?",Customer Service,Card Activation/Deactivation,the top category is Customer Service - the sub category is Card Activation/Deactivation
What are the fees associated with ATM withdrawals?,Transaction Services,Transaction Inquiry,the top category is Transaction Services - the sub category is Transaction Inquiry
What are the fees associated with wire transfers?,Savings and Investments,Dispute Charges,the top category is Savings and Investments - the sub category is Dispute Charges
What are the fees associated with wire transfers?,Online and Mobile Banking,Mortgage Services,the top category is Online and Mobile Banking - the sub category is Mortgage Services
What are the fees associated with online banking?,Transaction Services,Rates and Terms,the top category is Transaction Services - the sub category is Rates and Terms
What are the fees associated with transaction?,Customer Service,Security Measures,the top category is Customer Service - the sub category is Security Measures
How can I avoid online banking fees in the future?,Loans and Mortgages,Loan Repayment,the top category is Loans and Mortgages - the sub category is Loan Repayment
"I noticed an unexpected ATM withdrawals charge, what is this for?",Payments and Transfers,Understanding Fees,the top category is Payments and Transfers - the sub category is Understanding Fees
What are the fees associated with ATM withdrawals?,Loans and Mortgages,Fee Waivers,the top category is Loans and Mortgages - the sub category is Fee Waivers
Can I check my account balance online?,Account Management,Account Information,the top category is Account Management - the sub category is Account Information
Why was I charged a fee for ATM withdrawals?,Customer Service,Security and Access,the top category is Customer Service - the sub category is Security and Access
How do I change the beneficiary details for my transfer?,Payments and Transfers,Wire Transfers,the top category is Payments and Transfers - the sub category is Wire Transfers
"I noticed an unexpected account maintenance charge, what is this for?",Transaction Services,Card Issuance,the top category is Transaction Services - the sub category is Card Issuance
How can I avoid online banking fees in the future?,Transaction Services,Loan Repayment,the top category is Transaction Services - the sub category is Loan Repayment
How can I avoid transaction fees in the future?,Customer Service,Security Measures,the top category is Customer Service - the sub category is Security Measures
How can I avoid account maintenance fees in the future?,Fraud and Security,Rates and Terms,the top category is Fraud and Security - the sub category is Rates and Terms
How can I avoid ATM withdrawals fees in the future?,Customer Service,Rates and Terms,the top category is Customer Service - the sub category is Rates and Terms
Why was I charged a fee for transaction?,Loans and Mortgages,Bill Payments,the top category is Loans and Mortgages - the sub category is Bill Payments
How can I avoid online banking fees in the future?,Card Services,Payment Disputes,the top category is Card Services - the sub category is Payment Disputes
Why was I charged a fee for account maintenance?,Savings and Investments,Payment Disputes,the top category is Savings and Investments - the sub category is Payment Disputes
"I noticed an unexpected online banking charge, what is this for?",Card Services,Digital Banking Features,the top category is Card Services - the sub category is Digital Banking Features
Why was I charged a fee for ATM withdrawals?,Payments and Transfers,Digital Banking Features,the top category is Payments and Transfers - the sub category is Digital Banking Features
"I noticed an unexpected online banking charge, what is this for?",Customer Service,Card Activation/Deactivation,the top category is Customer Service - the sub category is Card Activation/Deactivation
What are the fees associated with online banking?,Online and Mobile Banking,Card Issuance,the top category is Online and Mobile Banking - the sub category is Card Issuance
Can you explain the transaction fee on my account?,Savings and Investments,Account Maintenance,the top category is Savings and Investments - the sub category is Account Maintenance
My transaction failed but the amount was deducted. What should I do?,Transaction Services,Failed Transactions,the top category is Transaction Services - the sub category is Failed Transactions
What are the fees associated with online banking?,Account Management,Transaction Inquiry,the top category is Account Management - the sub category is Transaction Inquiry
"I noticed an unexpected online banking charge, what is this for?",Online and Mobile Banking,Security Measures,the top category is Online and Mobile Banking - the sub category is Security Measures
Why was I charged a fee for transaction?,Payments and Transfers,Security and Access,the top category is Payments and Transfers - the sub category is Security and Access
"I noticed an unexpected transaction charge, what is this for?",Payments and Transfers,Lost/Stolen Cards,the top category is Payments and Transfers - the sub category is Lost/Stolen Cards
What are the fees associated with account maintenance?,Payments and Transfers,Account Opening,the top category is Payments and Transfers - the sub category is Account Opening
Is there a way to pay bills automatically through online banking?,Online and Mobile Banking,Digital Banking Features,the top category is Online and Mobile Banking - the sub category is Digital Banking Features
Can you explain the account maintenance fee on my account?,Fees and Charges,Rates and Terms,the top category is Fees and Charges - the sub category is Rates and Terms
How can I avoid ATM withdrawals fees in the future?,Loans and Mortgages,Payment Disputes,the top category is Loans and Mortgages - the sub category is Payment Disputes
What are the fees associated with account maintenance?,Loans and Mortgages,Account Opening,the top category is Loans and Mortgages - the sub category is Account Opening
How do I give feedback on a recent interaction with a bank representative?,Customer Service,Feedback and Suggestions,the top category is Customer Service - the sub category is Feedback and Suggestions
"I noticed an unexpected account maintenance charge, what is this for?",Customer Service,Understanding Fees,the top category is Customer Service - the sub category is Understanding Fees
What types of home loans do you offer for first-time buyers?,Loans and Mortgages,Loan Application,the top category is Loans and Mortgages - the sub category is Loan Application
Can you explain the transaction fee on my account?,Card Services,Security Measures,the top category is Card Services - the sub category is Security Measures
Can you explain the online banking fee on my account?,Payments and Transfers,Account Opening,the top category is Payments and Transfers - the sub category is Account Opening
Can you explain the monthly maintenance fee on my account?,Fees and Charges,Understanding Fees,the top category is Fees and Charges - the sub category is Understanding Fees
What does this transaction code on my statement mean?,Transaction Services,Transaction Inquiry,the top category is Transaction Services - the sub category is Transaction Inquiry
Can you explain the transaction fee on my account?,Account Management,Special Requests,the top category is Account Management - the sub category is Special Requests
"I noticed an unexpected online banking charge, what is this for?",Online and Mobile Banking,Reporting Fraud,the top category is Online and Mobile Banking - the sub category is Reporting Fraud
What are the interest rates for retirement accounts?,Savings and Investments,Rates and Terms,the top category is Savings and Investments - the sub category is Rates and Terms
Can you explain the ATM withdrawals fee on my account?,Loans and Mortgages,Loan Repayment,the top category is Loans and Mortgages - the sub category is Loan Repayment
What are the fees associated with account maintenance?,Customer Service,Security and Access,the top category is Customer Service - the sub category is Security and Access
Can you explain the account maintenance fee on my account?,Transaction Services,Loan Application,the top category is Transaction Services - the sub category is Loan Application
"I noticed an unexpected online banking charge, what is this for?",Payments and Transfers,Digital Banking Features,the top category is Payments and Transfers - the sub category is Digital Banking Features
How do I manage my investment portfolio?,Savings and Investments,Portfolio Management,the top category is Savings and Investments - the sub category is Portfolio Management
How can I avoid ATM withdrawals fees in the future?,Fraud and Security,Identity Theft,the top category is Fraud and Security - the sub category is Identity Theft
How can I avoid transaction fees in the future?,Savings and Investments,Card Activation/Deactivation,the top category is Savings and Investments - the sub category is Card Activation/Deactivation
Why was I charged a fee for ATM withdrawals?,Fees and Charges,Transaction Inquiry,the top category is Fees and Charges - the sub category is Transaction Inquiry
Why was I charged a fee for account maintenance?,Transaction Services,Dispute Charges,the top category is Transaction Services - the sub category is Dispute Charges
Can you explain the account maintenance fee on my account?,Online and Mobile Banking,Rates and Terms,the top category is Online and Mobile Banking - the sub category is Rates and Terms
Can you explain the online banking fee on my account?,Fees and Charges,Technical Support,the top category is Fees and Charges - the sub category is Technical Support
Is there a charge for closing an account?,Fees and Charges,Understanding Fees,the top category is Fees and Charges - the sub category is Understanding Fees
How do I block my account if I suspect fraud?,Fraud and Security,Reporting Fraud,the top category is Fraud and Security - the sub category is Reporting Fraud
"I noticed an unexpected online banking charge, what is this for?",Card Services,Account Opening,the top category is Card Services - the sub category is Account Opening
Why was I charged a fee for transaction?,Fees and Charges,Loan Application,the top category is Fees and Charges - the sub category is Loan Application
Can you explain the account maintenance fee on my account?,Transaction Services,Account Types,the top category is Transaction Services - the sub category is Account Types
How can I avoid ATM withdrawals fees in the future?,Account Management,Transaction Disputes,the top category is Account Management - the sub category is Transaction Disputes
How can I avoid online banking fees in the future?,Online and Mobile Banking,Technical Support,the top category is Online and Mobile Banking - the sub category is Technical Support
How can I avoid transaction fees in the future?,Online and Mobile Banking,Complaint Handling,the top category is Online and Mobile Banking - the sub category is Complaint Handling
How can I avoid ATM withdrawals fees in the future?,Fees and Charges,Understanding Fees,the top category is Fees and Charges - the sub category is Understanding Fees
How can I avoid wire transfers fees in the future?,Account Management,Account Maintenance,the top category is Account Management - the sub category is Account Maintenance
"I noticed an unexpected online banking charge, what is this for?",Transaction Services,Account Maintenance,the top category is Transaction Services - the sub category is Account Maintenance
How do I secure my online banking?,Fraud and Security,Security Measures,the top category is Fraud and Security - the sub category is Security Measures
What are the fees for domestic wire transfers?,Payments and Transfers,Wire Transfers,the top category is Payments and Transfers - the sub category is Wire Transfers
Can you explain the ATM withdrawals fee on my account?,Fraud and Security,Transaction Disputes,the top category is Fraud and Security - the sub category is Transaction Disputes
Why was I charged a fee for online banking?,Transaction Services,Dispute Charges,the top category is Transaction Services - the sub category is Dispute Charges
Why was I charged a fee for transaction?,Transaction Services,Card Issuance,the top category is Transaction Services - the sub category is Card Issuance
What are the fees associated with ATM withdrawals?,Transaction Services,Transaction Inquiry,the top category is Transaction Services - the sub category is Transaction Inquiry
How to update my personal information in online banking?,Online and Mobile Banking,Technical Support,the top category is Online and Mobile Banking - the sub category is Technical Support
"I noticed an unexpected transaction charge, what is this for?",Card Services,Special Requests,the top category is Card Services - the sub category is Special Requests
Can you explain the online banking fee on my account?,Fees and Charges,Lost/Stolen Cards,the top category is Fees and Charges - the sub category is Lost/Stolen Cards
Why was I charged a fee for online banking?,Customer Service,Payment Disputes,the top category is Customer Service - the sub category is Payment Disputes
Can you explain the transaction fee on my account?,Transaction Services,Account Opening,the top category is Transaction Services - the sub category is Account Opening
"I noticed an unexpected account maintenance charge, what is this for?",Savings and Investments,Account Opening,the top category is Savings and Investments - the sub category is Account Opening
What are the fees associated with account maintenance?,Account Management,Account Maintenance,the top category is Account Management - the sub category is Account Maintenance
How can I avoid transaction fees in the future?,Online and Mobile Banking,Mortgage Services,the top category is Online and Mobile Banking - the sub category is Mortgage Services
Can you explain the transaction fee on my account?,Card Services,Fee Waivers,the top category is Card Services - the sub category is Fee Waivers
"I noticed an unexpected account maintenance charge, what is this for?",Account Management,Card Activation/Deactivation,the top category is Account Management - the sub category is Card Activation/Deactivation
What are the terms for a long-term deposit?,Savings and Investments,Rates and Terms,the top category is Savings and Investments - the sub category is Rates and Terms
"I was charged a fee for an ATM withdrawal, why?",Fees and Charges,Understanding Fees,the top category is Fees and Charges - the sub category is Understanding Fees
Can you explain the ATM withdrawals fee on my account?,Payments and Transfers,Identity Theft,the top category is Payments and Transfers - the sub category is Identity Theft
How can I avoid transaction fees in the future?,Online and Mobile Banking,Reporting Fraud,the top category is Online and Mobile Banking - the sub category is Reporting Fraud
Can you explain the ATM withdrawals fee on my account?,Card Services,Dispute Charges,the top category is Card Services - the sub category is Dispute Charges
Can you explain the online banking fee on my account?,Account Management,Loan Application,the top category is Account Management - the sub category is Loan Application
Can you explain the online banking fee on my account?,Payments and Transfers,Card Issuance,the top category is Payments and Transfers - the sub category is Card Issuance
Can you explain the online banking fee on my account?,Online and Mobile Banking,Fee Waivers,the top category is Online and Mobile Banking - the sub category is Fee Waivers
What are the fees associated with ATM withdrawals?,Customer Service,Account Maintenance,the top category is Customer Service - the sub category is Account Maintenance
"I noticed an unexpected account maintenance charge, what is this for?",Online and Mobile Banking,Loan Repayment,the top category is Online and Mobile Banking - the sub category is Loan Repayment
How can I avoid online banking fees in the future?,Online and Mobile Banking,Digital Banking Features,the top category is Online and Mobile Banking - the sub category is Digital Banking Features
How can I avoid wire transfers fees in the future?,Payments and Transfers,Rates and Terms,the top category is Payments and Transfers - the sub category is Rates and Terms
Can you explain the ATM withdrawals fee on my account?,Fraud and Security,Loan Application,the top category is Fraud and Security - the sub category is Loan Application
What are the charges for a wire transfer?,Fees and Charges,Understanding Fees,the top category is Fees and Charges - the sub category is Understanding Fees
What are the fees associated with account maintenance?,Card Services,Bill Payments,the top category is Card Services - the sub category is Bill Payments
Why was I charged a fee for account maintenance?,Fees and Charges,Payment Disputes,the top category is Fees and Charges - the sub category is Payment Disputes
